Filename,Brand,Age,Step Therapy Requirements Documented in Policy,Number of Steps through Brands,Number of Steps through Generic,Step through-Phototherapy,TB Test required,Quantity Limits,Specialist Types,Initial Authorization Duration(in-months),Reauthorization Duration(in-months),Reauthorization Required,Reauthorization Requirements Documented in Policy,Access Score
377585-4984547.pdf,STELARA,>=6,"Psoriasis: Inadequate response, intolerance or contraindication with TWO of the following: Enbrel, Humira, Otezla, Skyrizi.; Psoriatic Arthritis: Inadequate response, intolerance or contraindication with TWO of the following: Enbrel, Humira, Otezla, Xeljanz/XR.",2,NA,No,Yes,NA,NA,6,12,Yes,The member has a continued benefit to therapy.; Extension requests where the ustekinumab did not have the full desired effect or considered a clinical failure will require clinical rationale for continuing.,25
148593-4960549.pdf,STELARA,>=12,"Member has a contraindication, intolerance or ineffective response to all of the following available equivalent alternative targeted immune modulators: both Ilumya, Stelara, and either Avsola, Inflectra, or Renflexis.; For members 6 years of age or older who have previously received a biologic or targeted synthetic drug (e.g., Sotyktu, Otezla) indicated for the treatment of moderate to severe plaque psoriasis.; Member has had an inadequate response or intolerance to either phototherapy or pharmacologic treatment with methotrexate, cyclosporine, or acitretin (or has a clinical reason to avoid these).",2,1,No,Yes,NA,dermatologist,NA,NA,NA,NA,12
163262-4627017.pdf,BIMZELX,>=18,"The member must have experienced therapeutic failure or intolerance to phototherapy (e.g. PUVA, UVB) or to at least one systemic therapy (e.g., methotrexate), or be contraindicated to both.; The member has experienced therapeutic failure or intolerance to at least two (2) preferred biologic products for the treatment of PsO.",1,1,No,NA,Ten (10) autoinjectors/prefilled syringes within the first sixteen (16) weeks of therapy; Two (2) autoinjectors/prefilled syringes every eight (8) weeks; Two (2) autoinjectors/prefilled syringes every four (4) weeks; Two (2) autoinjectors/prefilled syringes every eight (8) weeks,dermatologist,NA,NA,NA,NA,22
167126-4508319.pdf,TREMFYA,>=18,"Reserved for treatment failure to 12 weeks of dose-optimized, oral DMARD therapy (Methotrexate, Cyclosporine, and Acitretin).; Reserved for treatment failure/documented intolerance to Adalimumab, Etanercept, or Infliximab.; Reserved for treatment failure/documented intolerance to Secukinumab, Guselkumab, Brodalumab, Tildrakizumab, or Ixekizumab.",2,1,No,NA,NA,NA,NA,NA,NA,NA,25
176207-4867884.pdf,TREMFYA,>=18,"Authorization may be granted for members who have previously received a biologic or targeted synthetic drug (e.g., Sotyktu, Otezla) indicated for the treatment of moderate to severe plaque psoriasis.; For members with at least 3% body surface area affected, authorization may be granted if the member has had an inadequate response or intolerance to, or a clinical reason to avoid, phototherapy (e.g., UVB, PUVA) or pharmacologic treatment with methotrexate, cyclosporine, or acitretin.",1,1,No,Yes,NA,dermatologist,12,12,Yes,"The policy states that for Plaque psoriasis, authorization of 12 months may be granted for all adult members (including new members) who are using the requested medication for moderate to severe plaque psoriasis and who achieve or maintain a positive clinical response as evidenced by low disease activity or improvement in signs and symptoms of the condition when either of the following is met: Reduction in body surface area (BSA) affected from baseline; Improvement in signs and symptoms from baseline (e.g., itching, redness, flaking, scaling, burning, cracking, pain).",22
176806-5005129.pdf,STELARA,>=6,"Authorization may be granted for members who previously received a biologic or targeted synthetic drug (e.g., Sotyktu, Otezla) indicated for the treatment of moderate to severe plaque psoriasis.; Authorization may be granted for members who have had an inadequate response, intolerance, or a clinical reason to avoid phototherapy or pharmacologic treatment with methotrexate, cyclosporine, or acitretin.",1,1,No,Yes,"Ustekinumab 130 mg/26 mL single-dose vial CD, UC intravenous induction 
• 
≤ 55 kg: 260 mg (2 vials) 
• 
> 55 kg to 85 kg: 390 mg (3 vials) 
• 
> 85 kg: 520 mg (4 vials); Ustekinumab subcutaneous injection 45 mg/0.5 mL vial/syringe Psoriasis (6 years and older)/ Psoriasis with or without co-existent PsA (adult) 
• 
≤ 100 kg: 2 vials/syringes per first 28 days (load); 1 vial/syringe every 12 weeks (maintenance) 
• 
> 100 kg: 2 vials/syringes per first 28 days (load); 1 vial/syringe every 12 weeks (maintenance) 
PsA (6 years and older), without co-existent plaque psoriasis 
• 
2 vials/syringes per first 28 days (load) 
• 
1 vial/syringe every 12 weeks (maintenance) 
CD, UC maintenance dose 
• 
1 syringe every 8 weeks; Ustekinumab subcutaneous injection 90 mg/mL syringe Psoriasis (6 years and older)*/ Psoriasis with or without co-existent PsA (adult) 
• 
≤ 100 kg: 45 mg initially and 4 weeks later, followed by 45 mg every 12 weeks 
• 
> 100 kg: 90 mg initially and 4 weeks later, followed by 90 mg every 12 weeks 
CD*, UC maintenance dose 
• 
1 syringe every 8 weeks",dermatologist,12,12,Yes,"Chart notes or medical record documentation of decreased body surface area (BSA) affected and/or improvement in signs and symptoms.; The policy states: 'Authorization of 12 months may be granted for all members (including new members) who are using the requested medication for moderate to severe plaque psoriasis and who achieve or maintain positive clinical response as evidenced by low disease activity or improvement in signs and symptoms of the condition when any of the following is met: 1. Reduction in body surface area (BSA) affected from baseline 2. Improvement in signs and symptoms from baseline (e.g., itching, redness, flaking, scaling, burning, cracking, pain)'",17
176810-4889390.pdf,TREMFYA,>=18,"Authorization may be granted for adult members who have previously received a biologic or targeted synthetic drug (e.g., Sotyktu, Otezla) indicated for the treatment of moderate to severe plaque psoriasis.; Authorization may be granted when the member has had an inadequate response or intolerance to, or a clinical reason to avoid, phototherapy (e.g., UVB, PUVA) or pharmacologic treatment with methotrexate, cyclosporine, or acitretin.",1,1,No,Yes,Initiation of therapy: 2 syringes/injectors per first 28 days; Maintenance: 1 syringe/injector per 56 days; Initiation of therapy: three vials per first 56 days OR six 200 mg pens (CD only); Maintenance: 100 mg syringe/injector per 56 days OR 200 mg pen/syringe per 28 days,dermatologist,12,12,Yes,"The policy states that authorization of 12 months may be granted for members who achieve or maintain positive clinical response as evidenced by low disease activity or improvement in signs and symptoms of the condition when any of the following is met: 1. Reduction in body surface area (BSA) affected from baseline; 2. Improvement in signs and symptoms from baseline (e.g., itching, redness, flaking, scaling, burning, cracking, pain).",17
183953-4805567.pdf,TREMFYA,>=18,"Patient must have a minimum duration of a 4-week trial and failure, contraindication, or intolerance to one of the following topical therapies: corticosteroids, vitamin D analogs, tazarotene, or calcineurin inhibitors.",NA,1,No,NA,NA,dermatologist,6,12,Yes,"Patient demonstrates positive clinical response to therapy as evidenced by ONE of the following: Reduction in the body surface area (BSA) involvement from baseline; Improvement in symptoms (e.g., pruritus, inflammation) from baseline",32
187701-5050284.pdf,TREMFYA,>=6,"The patient must have had a 3-month trial of systemic therapy (i.e., acitretin, methotrexate, or cyclosporine) or a 3-month trial of Ultraviolet B (UVB) Phototherapy or Psoralen Ultraviolet A (PUVA) Phototherapy that resulted in an inadequate response (failure).",NA,1,No,NA,"100mg/mL (autoinjector, prefilled syringe) 1mL per 56 days; 200mg/2mL (autoinjector, prefilled syringe) 2mL per 28 days; Induction Pack for Crohn’s Disease (2 x 200 mg/2 mL single-dose prefilled pens): 4 mL/365 days; A maximum of 12 mL/56 days will be granted to allow for completion of induction dosing during the first 8 weeks of treatment","dermatologist, rheumatologist",NA,NA,NA,NA,37
195158-4643510.pdf,SKYRIZI,NA,"Patient must have experienced an inadequate treatment response, intolerance, or have a contraindication to either phototherapy (e.g., UVB, PUVA) or pharmacologic treatment with methotrexate, cyclosporine, or acitretin.",NA,1,No,NA,NA,NA,12,NA,No,NA,45
195239-4641478.pdf,OTEZLA,>=18,"For plaque psoriasis, the member must have a history of trial and failure of ONE of the following: topical therapy (e.g. corticosteroid, calcineurin inhibitor, vitamin D analog), phototherapy, or systemic treatment (e.g. methotrexate, cyclosporine, oral retinoids).",NA,1,No,NA,NA,"dermatologist, rheumatologist",12,Unspecified,Yes,The policy states: 'For reauthorization: must have documentation from prescriber indicating stabilization or improvement in condition.',32
203402-5001149.pdf,YESINTEK,>=6,"For requests other than the following preferred biosimilars, member must use all of the following preferred biosimilars, unless clinically significant adverse effects are experienced or all are contraindicated: Otulfi, Pyzchiva (branded), Selarsdi (or unbranded ustekinumab-aekn), Steqeyma.; Member must fail a trial of methotrexate, or if intolerant/contraindicated, fail a trial of cyclosporine or acitretin, or if intolerant/contraindicated to those, fail a trial of phototherapy.",1,1,No,NA,NA,"dermatologist, rheumatologist",6,12,Yes,"The policy states that the member must be responding positively to therapy.; The policy states that the member must currently be receiving medication via Centene benefit or has previously met initial approval criteria.; The policy states that the request must be for the SC formulation.; The policy states that for requests other than the specified preferred biosimilars, the member must use all of the following preferred biosimilars, unless clinically significant adverse effects are experienced or all are contraindicated: Otulfi, Pyzchiva (branded), Selarsdi (or unbranded ustekinumab-aekn), Steqeyma, Yesintek.; The policy states that the member must not have combination use with biological disease-modifying antirheumatic drugs or Janus kinase inhibitors.",22
215824-5041653.pdf,TREMFYA,>=18,"Patient has tried at least one traditional systemic agent for psoriasis for at least 3 months, unless intolerant (e.g., methotrexate, cyclosporine, or acitretin; a 3-month trial of PUVA also counts).; An exception to the requirement for a trial of one traditional systemic agent can be made if the patient has already had a 3-month trial or previous intolerance to at least one biologic other than the requested drug.",1,1,No,NA,NA,dermatologist,3,Unspecified,Yes,"The policy states that for a patient currently taking Tremfya, the timeframe for established on therapy is 3 months.; The document indicates that for Plaque Psoriasis, there is an established pathway for patients currently receiving the therapy.",22
247339-4770410.pdf,OTULFI,>=6,"Member must use Stelara.; Failure of ONE of the following adalimumab products or Enbrel (unless the member has had a history of failure of two TNF blockers): Humira, Cyltezo, or Yuflyma.; Failure of THREE of the following: Otezla, Skyrizi, Tremfya, Cosentyx.",3,NA,No,NA,NA,"dermatologist, rheumatologist",12,12,Yes,"The policy states that for other indications (Section II.E), the member must have documentation supporting that they are currently receiving the medication via Centene benefit or have previously met initial approval criteria.; The policy states that for other indications (Section II.E), the member must meet one of the following: (a) For RA: Member is responding positively to therapy; (b) For HS: At least a 25% reduction in inflammatory nodules and abscesses; (c) For AD: Member is responding positively to therapy as evidenced by, including but not limited to, reduction in itching and scratching.; The policy states that for agents other than Otezla, member does not have combination use of biological disease-modifying antirheumatic drugs or JAK inhibitors.; The policy states that if the request is for a dose increase, the new dose does not exceed the maximum dose indicated in Section V.",7
250819-3621812.pdf,STELARA,>=6,"Member must have documented inadequate response, intolerance, or contraindication to at least one oral systemic therapy such as methotrexate, or cyclosporine for 3 months or more.; For non-preferred agents, member must have trial and failure of ONE preferred anti-TNF (Enbrel or Humira/Amjevita Auto-Injector) or Kevzara, where indicated.",1,1,No,Yes,NA,NA,6,6,Yes,Documentation indicating member has shown improvement in signs and symptoms of disease,30
250819-3621812.pdf,TREMFYA,>=18,"Documented inadequate response, intolerance, or contraindication, to at least one oral systemic therapy such as methotrexate, or cyclosporine for 3 months or more.; For non-preferred CAM antagonists (which includes Tremfya), trial and failure of ONE preferred anti-TNF (Enbrel or Humira/Amjevita Auto-Injector) OR Kevzara, where indicated.",1,1,No,Yes,NA,appropriate specialist based on indication,NA,6,Yes,Documentation indicating member has shown improvement in signs and symptoms of disease,22
255515-5050321.pdf,STELARA,>=6,"Patient must have a history of failure to one of the following topical therapies: corticosteroids, vitamin D analogs, tazarotene, calcineurin inhibitors, anthralin, or coal tar.; Patient must have a history of failure to a 3 month trial of methotrexate at maximally indicated dose.; Patient may alternatively be previously treated with a targeted immunomodulator FDA-approved for the treatment of plaque psoriasis.",1,2,No,NA,NA,dermatologist,12,Unspecified,Yes,Documentation of positive clinical response to the requested ustekinumab therapy,17
255517-4865097.pdf,TREMFYA,>=18,"Patient must have a history of failure to one of the following topical therapies: Corticosteroids, Vitamin D analogs, Tazarotene, Calcineurin inhibitors, Anthralin, or Coal tar.; Patient must have a history of failure to a 3 month trial of methotrexate at the maximally indicated dose.; Alternatively, patient may have been previously treated with a targeted immunomodulator FDA-approved for the treatment of plaque psoriasis.",1,2,No,NA,NA,dermatologist,12,12,Yes,Documentation of positive clinical response to Tremfya therapy; Patient is not receiving Tremfya in combination with another targeted immunomodulator,17
258492-5030356.pdf,STELARA,NA,"The member must have a documented inadequate response, intolerable adverse event or contraindication to ALL of the following: Cosentyx SQ, Enbrel, Otezla, Rinvoq, Skyrizi SQ, Stelara SQ, Taltz, Tremfya SQ, Xeljanz/Xeljanz XR, and adalimumab-adaz, Hyrimoz (Cordavis) or Hadlima, Pyzchiva SQ (Cordavis or Sandoz), Yesintek SQ OR Stelara SQ.",1,NA,No,NA,NA,NA,NA,NA,NA,NA,40
258503-4913513.pdf,TREMFYA,>=18,"Authorization may be granted for adult members who have previously received a biologic or targeted synthetic drug indicated for the treatment of moderate to severe plaque psoriasis.; Authorization may be granted for members who have had an inadequate response or intolerance to either phototherapy or pharmacologic treatment with methotrexate, cyclosporine or acitretin, or who have a clinical reason to avoid these agents.",1,1,No,Yes,NA,Dermatologist,12,12,Yes,"The member must have been previously authorized by HMSA/HMSA’s Pharmacy Benefit Manager.; The member must achieve or maintain a positive clinical response from Tremfya therapy as evidenced by low disease activity or improvement in signs and symptoms of the condition.; Reduction in body surface area (BSA) affected from baseline.; Improvement in signs and symptoms from baseline (e.g., itching, redness, flaking, scaling, burning, cracking, pain).",22
269830-4591538.pdf,ENBREL,<18,NA,NA,NA,No,NA,NA,NA,12,12,Yes,The policy states: 'Approve Enbrel (initial therapy for a duration as directed or 1 year for a patient continuing therapy) if the patient meets the standard Inflammatory Conditions – Enbrel Prior Authorization Policy criteria.',45
270625-4631548.pdf,ILUMYA,>=18,"The member must have experienced therapeutic failure or intolerance to at least one systemic therapy (e.g., methotrexate) or phototherapy (e.g., PUVA, UVB), or be contraindicated to both.; The member must have experienced therapeutic failure or intolerance to at least two step 1 or 2 plan-preferred agents for the treatment of PsO.",1,1,No,NA,Two (2) prefilled syringes within the first four (4) weeks of therapy; One (1) prefilled syringe every twelve (12) weeks,dermatologist,Unspecified,12,Yes,The prescriber attests that the member has demonstrated disease stability or a beneficial response to therapy.,17
270849-4873664.pdf,TREMFYA,>=18,"The patient must have an inadequate response to one of the following topical therapies: a corticosteroid, a vitamin D analog, tazarotene, calcineurin inhibitor, anthralin, or coal tar.; Alternatively, the patient may satisfy requirements by demonstrating a contraindication to all listed topical therapies: corticosteroids, vitamin D analogs, tazarotene, calcineurin inhibitors, anthralin, and coal tar.; Alternatively, the patient may satisfy requirements by providing documentation of previous treatment with a biologic agent indicated for the requested use.",1,1,No,NA,NA,dermatologist,NA,NA,NA,NA,27
273941-4788109.pdf,STELARA,>=6,"The member must have an inadequate response or adverse reaction to at least a three consecutive month trial of one of the defined combinations of conventional therapies or a contraindication to all conventional therapies.; The member must have an inadequate response or adverse reaction to at least a three consecutive month trial of one biologic DMARD that is FDA-approved for plaque psoriasis.; The member must have an inadequate response or adverse reaction to at least a three consecutive month trial of Enbrel, Humira, a preferred adalimumab biosimilar, infliximab, Otezla, or Taltz, or a contraindication to all of these agents.",1,2,No,NA,NA,"dermatologist, rheumatologist",6,12,Yes,The member has had a positive response to therapy; Documentation of clinical justification to continue therapy with the requested medication,17
275244-4659838.pdf,STELARA,NA,Inadequate response or adverse reaction to at least a 3-month trial of one biologic DMARD that is FDA-approved for plaque psoriasis; OR; Inadequate response or adverse reaction to at least a 3-month trial of one conventional therapy in any of the specified combinations or a contraindication to methotrexate.,1,1,No,NA,NA,"dermatologist, rheumatologist",6,12,Yes,The member has had a positive response to therapy; Documentation of clinical justification to continue therapy with the requested medication,22
282478-5009832.pdf,TREMFYA,>=18,"Member must have an inadequate response or adverse reaction to one biologic DMARD that is FDA-approved for plaque psoriasis, OR an inadequate response or adverse reaction to a 3 consecutive month trial of specified combinations (topical/systemic/phototherapy), OR a contraindication to methotrexate.",1,1,No,NA,NA,dermatologist,6,12,Yes,The member has had a positive response to therapy; Documentation of clinical justification to continue therapy with the requested medication,22
283789-5060638.pdf,ENBREL,>=2,"For Moderate to severe Chronic Plaque Psoriasis, individual has had inadequate response to, or is intolerant of, phototherapy OR ONE other systemic therapies (such as, methotrexate, acitretin, or cyclosporine) OR has a contraindication to phototherapy, acitretin, cyclosporine, and methotrexate.",NA,1,No,NA,NA,NA,Unspecified,Unspecified,Yes,The policy states: 'For Continuation use: there is clinically significant improvement or stabilization in clinical signs and symptoms of the disease AND has been receiving and is maintained on a stable dose of etanercept.',45
287728-4459856.pdf,STELARA,NA,NA,NA,NA,NA,NA,NA,NA,NA,NA,NA,NA,50
296792-5001283.pdf,STELARA,NA,Trial of all preferred formulary agents is required unless all are contraindicated.; Trials of two local therapies and one systemic therapy are required unless all are contraindicated.,1,1,No,NA,NA,NA,6,12,Yes,Decreased or sustained reduction in disease activity.; Adherence [must meet one listed below]:,30
296792-5001283.pdf,TREMFYA,>=18,"Trials of two local therapies and one systemic therapy below are required unless all are contraindicated: local therapies (topical steroids, vitamin D analogs, coal tar, dithranol), phototherapy, photo chemotherapy, and systemic therapy (cyclosporine, methotrexate).",NA,1,No,NA,NA,NA,6,12,Yes,Decreased or sustained reduction in disease activity.; Adherence [must meet one listed below],40
296961-4569911.pdf,STELARA,>=6,"Patient must have history of trial and failure of at least TWO of the following conventional therapies at maximally tolerated doses (TWO months of each) unless contraindicated or clinically significant adverse effects are experienced: Topical corticosteroids, Acitretin, Topical Vitamin D analogs, Calcineurin inhibitors, Topical retinoic acid derivatives, or Phototherapy.",NA,1,No,NA,NA,NA,6,Unspecified,Yes,Documentation of positive clinical response to therapy; Patient is not receiving medication with another BRM; Patient is monitored for active TB during treatment (where applicable); Patient is monitored for lymphoma and other malignancies during treatment (where applicable),40
296961-4569911.pdf,TREMFYA,>=18,"Patient must have a history of trial and failure of at least TWO of the following conventional therapies at maximally tolerated doses (TWO months of each) unless contraindicated or clinically significant adverse effects are experienced: Topical corticosteroids, Acitretin, Topical Vitamin D analogs, Calcineurin inhibitors, Topical retinoic acid derivatives, or Phototherapy.",NA,1,No,NA,NA,NA,NA,NA,NA,NA,45
297411-4840622.pdf,TREMFYA,NA,"Trial and failure of ≥ 3 months of at least one (1) conventional systemic therapy (methotrexate, cyclosporin, acitretin) or phototherapy (psoralen plus ultraviolet A light), unless contraindicated or clinically significant adverse effects are experienced.",NA,1,No,NA,NA,NA,12,12,Yes,Member is currently receiving medication in the past 120 days that has been authorized by RxAdvance or the member has met initial approval criteria.,40
298309-4972610.pdf,STELARA,>=6,NA,NA,NA,NA,Yes,"Adults ≤ 100 kg: One 45 mg syringe or vial for the first 28 days, then one 45 mg syringe or vial every 12 weeks; Adults > 100 kg: One 90 mg syringe for the first 28 days, then one 90 mg syringe every 12 weeks; Pediatrics < 60 kg: 0.75 mg/kg; Pediatrics 60 kg to 100 kg: One 45 mg syringe or vial for the first 28 days, then one 45 mg syringe or vial every 12 weeks; Pediatrics > 100 kg: One 90 mg syringe for the first 28 days, then one 90 mg syringe every 12 weeks; Concurrent PsA and PsO for adults and pediatrics > 100 kg: One 90 mg syringe for the first 28 days, then one 90 mg syringe every 12 weeks; CD and UC: Single intravenous infusion induction dose: ≤ 55 kg: 260 mg (two 130 mg vials), 55.1 kg to 85 kg: 390 mg (three 130 mg vials), > 85 kg: 520 mg (four 130 mg vials); Maintenance: One 90 mg syringe at week 8, then every 8 weeks",NA,4,12,Yes,The policy states that re-authorization requires an updated letter of medical necessity or progress notes showing improvement or maintenance with the medication.,40
298309-4972610.pdf,TREMFYA,>=18,NA,NA,NA,NA,NA,"CD: 200 mg administered by intravenous infusion OR two 200 mg syringe or pen every 28 days for 3 months, then one 100 mg syringe or pen every 8 weeks beginning at week 16 OR one 200 mg syringe or pen every 4 weeks beginning at week 12.; PsO, PsA: 1 syringe or autoinjector for the first 28 days, then 1 syringe or autoinjector every 8 weeks; UC: 200 mg administered by intravenous at Week 0, Week 4, and Week 8, then one 100 mg syringe or pen every 8 weeks beginning at Week 16 OR one 200 mg syringe or pen every 4 weeks beginning at Week 12",NA,4,12,Yes,updated letter of medical necessity or progress notes showing improvement or maintenance with the medication,40
299241-4702948.pdf,STELARA,NA,"Member must have a trial and failure of at least one conventional systemic therapy (Methotrexate, Cyclosporine, Acitretin, or Phototherapy) for at least 3 months, unless contraindicated or clinically significant adverse effects are experienced.; Alternatively, if one biologic DMARD that is FDA-approved for plaque psoriasis has been previously tried, then trial of a conventional systemic agent or phototherapy is not required.",1,1,No,NA,NA,NA,12,12,Yes,The policy states: 'Member is currently receiving medication that has been authorized by RxAdvance or the member has met initial approval criteria.',30
305252-5002815.pdf,TREMFYA,>=18,"Member must have had an inadequate response or intolerance to either phototherapy (e.g., UVB, PUVA) or pharmacologic treatment with methotrexate, cyclosporine, or acitretin; or member has a clinical reason to avoid pharmacologic treatment with methotrexate, cyclosporine, and acitretin.",NA,1,No,Yes,NA,NA,NA,NA,Yes,"The policy states that for plaque psoriasis (PsO), members must achieve or maintain positive clinical response as evidenced by low disease activity or improvement in signs and symptoms of the condition.; The policy states that evidence of positive clinical response is met when there is a reduction in body surface area (BSA) affected from baseline.; The policy states that evidence of positive clinical response is met when there is improvement in signs and symptoms from baseline (e.g., itching, redness, flaking, scaling, burning, cracking, pain).",40
305769-4866320.pdf,STELARA,>=12,Patient did not respond adequately (or is not a candidate) to a 4-week minimum trial of at least TWO (2) therapeutically different topical agents.; Patient did not respond adequately (or is not a candidate) to a 3-month minimum trial of at least ONE (1) non-biologic systemic agent.; Patient did not respond adequately (or is not a candidate*) to a 3-month minimum trial of phototherapy.,NA,3,No,Yes,Ustekinumab 45 mg vial/prefilled syringe: Loading: 1 syringe at weeks 0 & 4; Maintenance: 1 syringe every 12 weeks; Ustekinumab 90 mg prefilled syringe: Loading: 1 syringe at weeks 0 & 4; Maintenance: 1 syringe every 8 weeks,NA,6,6,Yes,"The policy states that the patient must continue to meet the universal and other indication-specific relevant criteria identified in section III.; The document requires the absence of unacceptable toxicity from the drug.; The policy states that the patient must demonstrate disease response as indicated by improvement in signs and symptoms compared to baseline such as redness, thickness, scaliness, and/or the amount of surface area involvement (a total BSA involvement ≤ 1%), and/or an improvement on a disease activity scoring tool [e.g., a 75% reduction in the PASI score from when treatment started (PASI 75) or a 50% reduction in the PASI score (PASI 50) and a four-point reduction in the DLQI from when treatment started].",20
308650-4595103.pdf,ACITRETIN,NA,"Patient must be unresponsive to at least 2 conventional therapies (topical corticosteroids, vitamin D analogs, Tazorac, topical tacrolimus, Elidel, phototherapy).",NA,1,No,NA,NA,dermatologist,12,12,Yes,Documentation of continued effectiveness.; Documentation of required pregnancy monitoring AND continued effectiveness (for females able to bear children).,32
313179-3560271.pdf,STELARA,>=6,"Plaque psoriasis preferred agents require evidence of failure after at least 90 days of topical therapy with two different agents classified as an emollient, corticosteroid, topical retinoid or vitamin D analog.; A 90-day trial of one DMARD (or a systemic retinoid such as acitretin) is also required.",NA,2,No,Yes,NA,"dermatologist, gastroenterologist, rheumatologist",NA,NA,NA,NA,32
313179-3560271.pdf,TREMFYA,NA,"Plaque psoriasis: Preferred agents require evidence of failure after at least 90 days of topical therapy with two different agents classified as an emollient, corticosteroid, topical retinoid or vitamin D analog.; A 90-day trial of one DMARD (or a systemic retinoid such as acitretin) is also required.",NA,2,No,Yes,NA,"dermatologist, gastroenterologist, rheumatologist",NA,NA,NA,NA,32
315085-4653251.pdf,OTEZLA,NA,"Patient must have tried and had an inadequate response to, an intolerance or hypersensitivity to, or an FDA labeled contraindication to at least ONE conventional prerequisite agent for the requested indication OR patient's medication history indicates use of a biologic immunomodulator agent for the same FDA labeled indication.",1,1,No,NA,NA,NA,12,Unspecified,Yes,"Patient has been previously approved for the requested agent through the plan’s Prior Authorization criteria; Patient has a diagnosis of plaque psoriasis, active psoriatic arthritis, or oral ulcers associated with Behcet’s disease (BD); Patient has had clinical benefit with the requested agent (slowing of disease progression or decrease in symptom severity and/or frequency)",30
324603-4962713.pdf,STELARA,>=6,"Member must have previously received a biologic or targeted synthetic drug (e.g., Sotyktu, Otezla) indicated for treatment of moderate to severe plaque psoriasis.; Member must have had an inadequate response or intolerance to either phototherapy (e.g., UVB, PUVA) or pharmacologic treatment with methotrexate, cyclosporine, or acitretin (unless a clinical reason to avoid these exists).",1,1,No,Yes,NA,dermatologist,12,12,Yes,"The policy states that for plaque psoriasis (PsO), authorization of 12 months may be granted for members who achieve or maintain a positive clinical response as evidenced by low disease activity or improvement in signs and symptoms of the condition when either of the following is met: Reduction in body surface area (BSA) affected from baseline or Improvement in signs and symptoms from baseline (e.g., itching, redness, flaking, scaling, burning, cracking, pain).; The document requires chart notes or medical record documentation of decreased body surface area (BSA) affected and/or improvement in signs and symptoms.",22
325611-4784675.pdf,TREMFYA,NA,"The member must have an inadequate response or adverse reaction to at least a 3 month trial of ONE biologic DMARD that is FDA-approved for plaque psoriasis, OR an inadequate response/adverse reaction to one of the specified combinations of topical agents, systemic agents, or phototherapy.; The member must have an inadequate response or adverse reaction to at least 3 months of treatment with ONE of the following PDL preferred agents: Enbrel, preferred adalimumab biosimilars, Humira, infliximab, Otezla, or Taltz.",2,1,No,NA,NA,dermatologist,6,12,Yes,Initial criteria has been met; The member has had a positive response to therapy,12
326557-4901234.pdf,AMJEVITA,NA,"The patient must have tried and had an inadequate response to one or more preferred agents (Adalimumab-aaty, Adalimumab-adaz, Hadlima, Humira, Simlandi, Selarsdi, Stelara, Steqeyma, or Yesintek) after at least a 3-month duration of therapy per agent.",1,NA,No,Yes,NA,"dermatologist, rheumatologist, gastroenterologist",12,Unspecified,Yes,"The patient has been previously approved for the requested agent through the plan’s Prior Authorization process.; The patient has had clinical benefit with the requested agent.; If the client has preferred agents, the requested agent is a preferred agent OR the patient has met specific trial and failure requirements (inadequate response to preferred agents of at least 3-month duration or intolerance/hypersensitivity).; The prescriber is a specialist in the area of the patient’s diagnosis (e.g., dermatologist for PS), or the prescriber has consulted with a specialist in the area of the patient’s diagnosis.; The patient will NOT be using the requested agent in combination with another immunomodulatory agent (e.g., TNF inhibitors, JAK inhibitors, IL-4 inhibitors).",27
330107-4979411.pdf,YESINTEK,>=6,"Authorization of 12 months may be granted for members 6 years of age and older who have previously received a biologic or targeted synthetic drug (e.g., Sotyktu, Otezla) indicated for treatment of moderate to severe plaque psoriasis.; Authorization of 12 months may be granted for members 6 years of age and older for treatment of moderate to severe plaque psoriasis when the member has had an inadequate response or intolerance to either phototherapy (e.g., UVB, PUVA) or pharmacologic treatment with methotrexate, cyclosporine, or acitretin.",1,1,No,Yes,Yesintek (ustekinumab-kfce) 130 mg/26 mL single-dose vial: 4 vials (1 dose); Yesintek (ustekinumab-kfce) subcutaneous injection 45 mg/0.5 mL single-dose vial/prefilled syringe: 1 vial/syringe per 84 days; Exception limit: 2 vials/syringes per 28 days; Yesintek (ustekinumab-kfce) subcutaneous injection 90 mg/mL prefilled syringe: 1 syringe per 56 days; Exception limit: 2 syringes per 28 days,dermatologist,12,12,Yes,"The member must achieve or maintain a positive clinical response as evidenced by low disease activity or improvement in signs and symptoms of the condition.; Reduction in body surface area (BSA) affected from baseline.; Improvement in signs and symptoms from baseline (e.g., itching, redness, flaking, scaling, burning, cracking, pain).; Chart notes or medical record documentation of decreased body surface area (BSA) affected and/or improvement in signs and symptoms.",17
330109-4880941.pdf,TREMFYA,>=18,"The patient is unable to take a preferred ustekinumab product due to a trial and inadequate treatment response or intolerance, or a contraindication.; The patient is unable to take two additional preferred products, including a preferred adalimumab product OR Enbrel, Rinvoq, OR Otezla, due to a trial and inadequate treatment response or intolerance, or a contraindication.; For members with at least 3% body surface area (BSA) affected, the member must have had an inadequate response or intolerance to either phototherapy or pharmacologic treatment with methotrexate, cyclosporine, or acitretin (or have a clinical reason to avoid these).",2,1,No,Yes,Tremfya (guselkumab) 100 mg/mL prefilled syringe/One-press injector: 1 syringe/injector per 56 days; Exception limit: 2 syringes/injectors per 28 days; Tremfya (guselkumab) 200 mg/2 mL prefilled syringe/pen: 1 syringe/pen per 28 days; Exception limit: 6 syringes/pens per 56 days; Tremfya (guselkumab) 200 mg/2 mL prefilled pen Induction Pack for Crohn’s Disease: Exception limit: 3 cartons (6 pens) per 56 days,dermatologist,12,12,Yes,"Reduction in body surface area (BSA) affected from baseline; Improvement in signs and symptoms from baseline (e.g., itching, redness, flaking, scaling, burning, cracking, pain)",7
333345-4841422.pdf,TREMFYA,>=18,"Documented failure, intolerance, or contraindication to topical therapy (topical corticosteroids, vitamin D analogs, etc).",NA,1,No,NA,NA,dermatologist,NA,NA,NA,NA,37
337814-4985370.pdf,STELARA,NA,"The member must have an inadequate response to a trial of one or more of the preferred products: Entyvio IV (vedolizumab), Inflectra (infliximab-dyyb), Renflexis (infliximab-abda), or Tremfya (guselkumab).",1,NA,No,NA,NA,NA,Unspecified,NA,No,NA,40
337814-4985370.pdf,TREMFYA,NA,"Inadequate response to a trial of one or more of the preferred products (Entyvio IV, Inflectra, Renflexis).",1,NA,No,NA,NA,NA,NA,NA,NA,NA,40
361202-4967201.pdf,TREMFYA,>=18,NA,NA,NA,NA,NA,NA,NA,NA,NA,NA,NA,50
361486-4654549.pdf,TREMFYA,>=18,Has tried and failed a TNF blocker.; Has tried and failed at least one other therapy to include at least one topical agent.,1,1,No,Yes,NA,NA,3,12,Yes,NA,30
362198-4805629.pdf,STELARA,NA,"Member must demonstrate failure of both oral agent (methotrexate, cyclosporine or acitretin) AND photochemotherapy or phototherapy.; Member must fail a therapeutic trial of ALL HAP preferred anti-TNF agents.; Member must fail a therapeutic trial (3 months) of oral apremilast.",1,2,No,Yes,NA,"dermatologist, rheumatologist, pulmonologist, ophthalmologist",6,Unspecified,Yes,"The policy states that subsequent approvals may be limited to 3 to 6 months for the following reasons: inadequate response to treatment, inconsistent pattern of medication adherence, safety concern, or off-label dosing.; The policy states that in general, if renewal requirements are satisfied, subsequent approvals of 12 months duration are contingent on demonstrated response as evident in the medical records.; The policy states that for Plaque psoriasis: Continuation coverage is limited to Members who demonstrate clearing of 50% or greater of affected body surface area of plaque psoriasis.; The policy states that exceptions to the renewal duration are: change in dose, lack of response, lack of adherence to the regimen and lack of follow-up with the specialty provider.",17
363337-5004251.pdf,STELARA,<18,For plaque psoriasis (initial requests): One of the following was ineffective or not tolerated: a) methotrexate at a dose of at least 10mg/week (or maximally tolerated dose) OR b) acitretin (trial of other agents not required for patients under 18 years of age).,NA,1,No,NA,NA,dermatologist,12,12,Yes,Member has benefited with use of this medication.,32
363896-4716077.pdf,STELARA,>=18,"Documentation of inadequate response, adverse reaction, or contraindication to either one biologic DMARD, or two conventional therapies (topical agents, systemic agents, or phototherapy), or a contraindication to methotrexate.; Documentation of an inadequate response or adverse reaction or contraindication to Enbrel or Humira.",1,1,No,NA,NA,dermatologist,6,12,Yes,Initial criteria met; The member has had a positive response to therapy; Documentation of clinical justification to continue therapy with the requested medication,17
364054-4720790.pdf,STELARA,<18,For plaque psoriasis (initial requests): One of the following was ineffective or not tolerated: a) methotrexate at a dose of at least 10mg/week (or maximally tolerated dose) OR b) acitretin (trial of other agents not required for patients under 18 years of age).,NA,1,No,NA,NA,dermatologist,12,12,Yes,Member has benefited with use of this medication.,32
364054-4720790.pdf,TREMFYA,NA,For plaque psoriasis (initial requests): One of the following was ineffective or not tolerated: a) methotrexate at a dose of at least 10mg/week (or maximally tolerated dose) OR b) acitretin.,NA,1,No,NA,NA,dermatologist,12,12,Yes,Member has benefited with use of this medication.,32
365374-5059388.pdf,STELARA,NA,NA,NA,NA,NA,NA,NA,dermatologist,6,12,Yes,The policy states that renewal PA requests must include supporting clinical information and copies of the member's current medical records demonstrating that the member had a significant reduction in symptoms compared to their baseline prior to the initiation of the non-preferred cytokine and CAM antagonist drug.; The policy states that all renewal PA requests require the member to be adherent with the prescribed treatment regimen.,37
365374-5059388.pdf,TREMFYA,NA,NA,NA,NA,NA,NA,NA,dermatologist,6,12,Yes,The policy states that renewal PA requests for non-preferred cytokine and CAM antagonist drugs must include supporting clinical information and copies of the member's current medical records demonstrating that the member had a significant reduction in symptoms compared to their baseline prior to the initiation of the non-preferred cytokine and CAM antagonist drug.; The policy states that all renewal PA requests require the member to be adherent with the prescribed treatment regimen.,37
371611-4978411.pdf,STELARA,>=6,"Patient must have a history of failure to one of the following, unless all are contraindicated or not tolerated: Phototherapy (UVB or PUVA) OR treatment with at least one non-Cytokine and CAM DMARD.; Treatment with two preferred Cytokine and CAM Apple Health Preferred Drug List (PDL) medications has each been ineffective, unless all are contraindicated, or not tolerated.",1,1,No,NA,NA,dermatologist,12,12,Yes,"Not used in combination with another Cytokine and CAM medication; Documentation is submitted demonstrating disease stability or a positive clinical response (e.g., improvement in BSA, PASI, Psoriasis PGA, itch numeric rating scale); For Non-Preferred ustekinumab biosimilars and brand name ustekinumab (Stelara), patient has met all criteria listed in Non-Clinical Policy No. 0001 (NC-001)",22
371611-4978411.pdf,TREMFYA,>=18,"The patient must have a history of failure to phototherapy (UVB or PUVA) or treatment with at least one non-Cytokine and CAM DMARD (e.g., methotrexate, cyclosporine, acitretin, azathioprine, etc.) for a minimum trial of 12 weeks.; Treatment with two preferred Cytokine and CAM Apple Health Preferred Drug List (PDL) medications has each been ineffective, unless all are contraindicated, or not tolerated [minimum trial of 12 weeks].",1,1,No,NA,NA,dermatologist,12,12,Yes,"Not used in combination with another Cytokine and CAM medication; Documentation is submitted demonstrating disease stability or a positive clinical response (e.g., improvement in BSA, PASI, Psoriasis PGA, itch numeric rating scale)",22
372229-5027532.pdf,TREMFYA,>=18,"Member has had a minimum duration of a 4-week trial and failure, or intolerance to ONE of the following topical therapies or contraindication to ALL of them: Corticosteroids, Vitamin D analogs, Tazarotene, Calcineurin inhibitors, Anthralin, Coal tar.",NA,1,No,NA,"Plaque psoriasis and psoriatic arthritis: 100mg strength only: 2/28 for the first month then 1/56; Ulcerative Colitis: IV: 200 mg vial: 2 for the first month, 1 for month 2; Ulcerative Colitis: Subq: 200mg: 1 inj per month, 100mg: 1 inj every 2 months; Crohn’s disease: IV: 200 mg vial: 2 for the first month, 1 for month 2; Crohn’s disease: Subq: 200mg: 4 inj for the 1st month, 2 inj for the 2nd month, then 1 inj per month, 100mg: 1 inj every 2 months; Plaque psoriasis and psoriatic arthritis: 100mg strength only 1/56; Ulcerative Colitis: Subq: 200mg: 1 inj per month, 100mg: 1 inj every 2 months; Crohn’s disease: Subq: 200mg: 1 inj per month, 100mg: 1 inj every 2 months",dermatologist,Unspecified,12,Yes,"Member is ≥18 years of age; Prescribed by or in consultation with a dermatologist; Diagnosis of plaque psoriasis; Documentation of positive clinical response to Tremfya therapy (e.g., labs, sign/symptom reduction, no disease progression, no significant toxicity); Member is not on concurrent treatment with a TNF-inhibitor, biologic response modifier or other non-biologic agent",27
372479-5037971.pdf,STELARA,>=6,"Member has had a minimum duration of a 4-week trial and failure, or intolerance to ONE of the following topical therapies or contraindication to ALL of them: Corticosteroids, Vitamin D analogs, Tazarotene, Calcineurin inhibitors, Anthralin, Coal tar.",NA,1,No,NA,"Psoriasis: quantity limit 1 injection/4 weeks for the first 2 fills, followed by 1 injection/12 weeks.; Psoriatic arthritis: quantity limit 1 injection/4 weeks for the first 2 fills, followed by 1 injection/12 weeks.; Crohn’s disease: quantity limit 1 injection/8 weeks; Ulcerative colitis: quantity limit 1 injection/8 weeks; Psoriasis: quantity limit 1 injection/12 weeks; Psoriatic arthritis: quantity limit 1 injection/12 weeks.; Crohn’s disease: quantity limit 1 injection/8 weeks; Ulcerative colitis: quantity limit 1 injection/8 weeks",dermatologist,6,12,Yes,"The policy states that for continuation of therapy, the prescriber must provide documentation of: Member is ≥6 years of age; The policy states that for continuation of therapy, the prescriber must provide documentation of: Prescribed by or in consultation with a dermatologist; The policy states that for continuation of therapy, the prescriber must provide documentation of: Diagnosis of plaque psoriasis; The policy states that for continuation of therapy, the prescriber must provide documentation of: Member must have demonstrated a clinical response to therapy (i.e. reduction in body surface area involvement or improvement in PASI score); The policy states that for continuation of therapy, the prescriber must provide documentation of: Member is not on concurrent treatment with a TNF-inhibitor, biologic response modifier or other non-biologic agent",27
372505-5024739.pdf,STELARA,>=6,"Member has had a minimum duration of a 4-week trial and failure, or intolerance to ONE of the following topical therapies or contraindication to ALL of them: Corticosteroids, Vitamin D analogs, Tazarotene, Calcineurin inhibitors, Anthralin, Coal tar.",NA,1,No,NA,"Psoriasis: quantity limit 1 injection/4 weeks for the first 2 fills, followed by 1 injection/12 weeks.; Psoriatic arthritis: quantity limit 1 injection/4 weeks for the first 2 fills, followed by 1 injection/12 weeks.; Crohn’s disease: quantity limit 1 injection/8 weeks; Ulcerative colitis: quantity limit 1 injection/8 weeks; Psoriasis: quantity limit 1 injection/12 weeks; Psoriatic arthritis: quantity limit 1 injection/12 weeks.; Crohn’s disease: quantity limit 1 injection/8 weeks; Ulcerative colitis: quantity limit 1 injection/8 weeks",dermatologist,6,12,Yes,"Member is ≥6 years of age; Prescribed by or in consultation with a dermatologist; Diagnosis of plaque psoriasis; Member must have demonstrated a clinical response to therapy (i.e. reduction in body surface area involvement or improvement in PASI score); Member is not on concurrent treatment with a TNF-inhibitor, biologic response modifier or other non-biologic agent",27
378692-5003182.pdf,STELARA,>=6,"Authorization for plaque psoriasis requires that members have previously received a biologic or targeted synthetic drug (e.g., Sotyktu, Otezla) indicated for treatment of moderate to severe plaque psoriasis.; For members with at least 3% body surface area (BSA) affected, they must have had an inadequate response or intolerance to phototherapy (e.g., UVB, PUVA) or pharmacologic treatment with methotrexate, cyclosporine, or acitretin (or have a clinical reason to avoid them).; The patient is unable to take THREE preferred products for the given diagnosis due to a trial and inadequate treatment response, intolerance, or a contraindication.",1,2,No,Yes,Stelara (ustekinumab) 130 mg/26 mL singledose vial: 4 vials (1 dose); Stelara (ustekinumab) subcutaneous injection 45 mg/0.5 mL single-dose vial/prefilled syringe: 1 vial/syringe per 84 days; Exception limit: 2 vials/syringes per 28 days; Stelara (ustekinumab) subcutaneous injection 90 mg/mL prefilled syringe: 1 syringe per 56 days; Exception limit: 2 syringes per 28 days,dermatologist,12,12,Yes,"The member must achieve or maintain a positive clinical response as evidenced by low disease activity or improvement in signs and symptoms of the condition.; Reduction in body surface area (BSA) affected from baseline.; Improvement in signs and symptoms from baseline (e.g., itching, redness, flaking, scaling, burning, cracking, pain).; Submission of chart notes or medical record documentation of decreased body surface area (BSA) affected and/or improvement in signs and symptoms.",12
378792-5004240.pdf,TREMFYA,>=18,"Authorization of 12 months may be granted for adult members who have previously received a biologic or targeted synthetic drug (e.g., Sotyktu, Otezla) indicated for the treatment of moderate to severe plaque psoriasis.; Member has had an inadequate response or intolerance to either phototherapy (e.g., UVB, PUVA) or pharmacologic treatment with methotrexate, cyclosporine, or acitretin.; The patient is unable to take THREE preferred products, where indicated, for the given diagnosis due to a trial and inadequate treatment response or intolerance, or a contraindication.",1,2,No,Yes,Tremfya (guselkumab) 100 mg/mL prefilled syringe/One-press injector: 1 syringe/injector per 56 days; Exception limit: 2 syringes/injectors per 28 days; Tremfya (guselkumab) 200 mg/2 mL prefilled syringe/pen: 1 syringe/pen per 28 days; Exception limit: 6 syringes/pens per 56 days; Tremfya (guselkumab) 200 mg/2 mL prefilled pen Induction Pack for Crohn’s Disease: Exception limit: 3 cartons (6 pens) per 56 days; Coverage up to the exception limits may be provided with prior authorization,dermatologist,12,12,Yes,"The document states that reauthorization requires chart notes or medical record documentation of decreased body surface area (BSA) affected and/or improvement in signs and symptoms.; The policy states that for continuation of therapy, the member must achieve or maintain a positive clinical response as evidenced by low disease activity or improvement in signs and symptoms of the condition.; The policy states that continuation is met when there is a reduction in body surface area (BSA) affected from baseline or improvement in signs and symptoms from baseline (e.g., itching, redness, flaking, scaling, burning, cracking, pain).",12
379899-5030421.pdf,STELARA,NA,"Authorization may be granted for members who have previously received a biologic or targeted synthetic drug (e.g., Sotyktu, Otezla) indicated for treatment of moderate to severe plaque psoriasis.; Authorization may be granted when the member has had an inadequate response or intolerance to, or a clinical reason to avoid, phototherapy or pharmacologic treatment with methotrexate, cyclosporine, or acitretin.",1,1,No,Yes,NA,dermatologist,12,12,Yes,"The member must have been previously authorized by HMSA/HMSA’s Pharmacy Benefit Manager for the requested drug.; The member must achieve or maintain a positive clinical response as evidenced by low disease activity or improvement in signs and symptoms of the condition.; Reduction in body surface area (BSA) affected from baseline.; Improvement in signs and symptoms from baseline (e.g., itching, redness, flaking, scaling, burning, cracking, pain).",22
51842-4975862.pdf,STELARA,>=12,"Patient must have a history of failure to topical therapies including corticosteroids, vitamin D analogs, tazarotene, calcineurin inhibitors, anthralin, or coal tar, unless contraindicated or clinically significant adverse effects are experienced.; Patient must have a history of failure to a 3 month trial of methotrexate at the maximally indicated dose, unless contraindicated or clinically significant adverse effects are experienced.; Patient has been previously treated with a targeted immunomodulator FDA-approved for the treatment of plaque psoriasis.",1,2,No,NA,NA,dermatologist,12,12,Yes,Documentation of positive clinical response; Prescriber attestation that the patient or caregiver are not able to be trained or are physically unable to administer ustekinumab FDA labeled for self-administration; prescriber must submit explanation; Ustekinumab is initiated and titrated according to US Food and Drug Administration labeled dosing for plaque psoriasis; Patient is not receiving ustekinumab in combination with a targeted immunomodulator,12
55182-4590747.pdf,SILIQ,NA,"Patient must try at least one of the following Step 1 agents: Cosentyx, Enbrel, Hadlima, Humira, Simlandi, Skyrizi, Stelara, Tremfya, or Otezla.",1,1,No,Yes,NA,dermatologist,4,12,Yes,The patient has been previously approved for the requested agent through the plan’s Prior Authorization process.; The request is NOT for use of Olumiant or Actemra in the treatment of coronavirus disease 2019 (COVID-19) in hospitalized adults.,22
56061-4538520.pdf,STELARA,>=6,Patient has trialed and failed a TNF blocker.; Patient has trialed and failed at least one other therapy to include at least one topical agent.,1,1,No,NA,45 mg per dose; weight up to 100 kg; 90 mg per dose; weight greater than 100 kg for Plaque Psoriasis indications; 90 mg per dose; Crohn’s Disease and Ulcerative Colitis after initial IV infusion.,NA,1,12,Yes,"A letter of medical necessity with chart notes demonstrating therapeutic benefit.; Baseline and current PASI score (or equivalent, for Ps).; Documentation of tolerance and absence of adverse events.",25
56263-4803097.pdf,STELARA,>=6,"Patient must complete a minimum duration of a 4-week trial and failure, contraindication, or intolerance to one of the following topical therapies: corticosteroids (e.g., betamethasone, clobetasol), vitamin D analogs (e.g., calcitriol, calcipotriene), tazarotene, or calcineurin inhibitors (e.g., tacrolimus, pimecrolimus).",NA,1,No,NA,NA,dermatologist,6,12,Yes,"Patient demonstrates positive clinical response to therapy as evidenced by ONE of the following: Reduction in the body surface area (BSA) involvement from baseline; Patient demonstrates positive clinical response to therapy as evidenced by ONE of the following: Improvement in symptoms (e.g., pruritus, inflammation) from baseline",32
56403-5061730.pdf,STELARA,NA,"Client must have diagnosis and a 56-day trial and failure of two of the three preferred agents (ENBREL, HUMIRA, OTEZLA).",1,NA,No,NA,NA,NA,NA,NA,NA,NA,40
58918-4969735.pdf,STELARA,>=6,"The member must have previously received a biologic or targeted synthetic drug (e.g., Sotyktu, Otezla) indicated for treatment of moderate to severe plaque psoriasis.; The member must have had an inadequate response or intolerance to, or a clinical reason to avoid, phototherapy (e.g., UVB, PUVA) or pharmacologic treatment with methotrexate, cyclosporine, or acitretin.",1,1,No,Yes,NA,"dermatologist, rheumatologist, gastroenterologist, hematologist, oncologist",12,12,Yes,"The member must be previously authorized by HMSA/CVS for the requested drug.; The member must achieve or maintain a positive clinical response as evidenced by low disease activity or improvement in signs and symptoms of the condition.; Reduction in body surface area (BSA) affected from baseline.; Improvement in signs and symptoms from baseline (e.g., itching, redness, flaking, scaling, burning, cracking, pain).",22
66156-4274314.pdf,CIMZIA,>=18,NA,NA,NA,No,Yes,NA,NA,6,6,Yes,Has the patient been adherent to both biologic and DMARD therapy (if DMARD therapy has been prescribed in conjunction with the biologic therapy)?; Has the patient’s condition improved as assessed by the prescribing provider and provider attests to patient’s improvement.,45
84074-5053811.pdf,STELARA,NA,"Patient did not respond adequately (or is not a candidate) to a trial of topical agents (i.e., corticosteroids).; Patient did not respond adequately (or is not a candidate) to a trial of phototherapy (i.e., psoralens with UVA light [PUVA] or UVB with coal tar or dithranol).",NA,2,No,NA,NA,dermatologist,6,12,Yes,"Patient continues to meet the universal and other indication-specific relevant criteria identified in section III; Duration of authorization has not been exceeded; Absence of unacceptable toxicity from the drug; Disease response as indicated by improvement in signs and symptoms compared to baseline such as redness, thickness, scaliness, and/or the amount of surface area involvement (a total BSA involvement ≤ 1%), and/or an improvement on a disease activity scoring tool (e.g., Psoriasis Area and Severity Index (PASI) score ≤ 3, physician’s global assessment (PGA) score ≤ 1, etc.)",27
8889-4641730.pdf,AMJEVITA,NA,"The patient must try and have an inadequate response, intolerance, hypersensitivity, or contraindication to the required Step 1 agents for the requested indication.; The Step 1 agents for Psoriasis/Plaque Psoriasis include subcutaneous adalimumab products, Cosentyx, Enbrel, Rinvoq, Xeljanz, and Xeljanz XR.",1,1,No,Yes,Amjevita adalimumab-atto soln auto-injector 40 MG/0.4ML 2 Pens 28 DAYS; Amjevita adalimumab-atto soln auto-injector 40 MG/0.8ML 2 Pens 28 DAYS; Amjevita adalimumab-atto soln auto-injector 80 MG/0.8ML 2 Pens 28 DAYS; Amjevita adalimumab-atto soln prefilled syringe 10 MG/0.2ML 2 Syringes 28 DAYS; Amjevita adalimumab-atto soln prefilled syringe 20 MG/0.2ML 2 Syringes 28 DAYS,dermatologist,12,12,Yes,"The patient has been previously approved for the requested agent through the plan’s Prior Authorization process.; The patient has had clinical benefit with the requested agent.; If the client has preferred agents, then the requested agent is a preferred agent OR the patient has tried and had an inadequate response to THREE preferred agents after at least a 3-month trial per agent OR the patient has an intolerance or hypersensitivity to THREE of the preferred agents OR the patient has an FDA labeled contraindication to ALL of the preferred agents OR all preferred agents are not clinically appropriate.",17
8898-4735285.pdf,COSENTYX,>=6,"The individual has failed (≥3 months use) previous treatment with at least ONE of the listed conventional agents (Methotrexate, Cyclosporine, Psoralen with UVA radiation, UVB & coal tar on ditranol, Acitretin, or Narrow Band UVB).",NA,1,No,Yes,NA,board certified dermatologist,12,12,Yes,"The individual has been previously approved for therapy through BCBSMS PA process; The individual has shown clinical improvement (i.e. slowing of disease progression or decrease in symptom severity and/or frequency); The individual does not have any FDA-labeled contraindication(s) to therapy with the requested agent; The individual is not currently being treated with another biologic immunomodulatory agent (i.e., TNF-inhibitor, IL-inhibitor, anti IgE antibody, etc.) or Otezla; The prescribed dosage is within the program quantity limits based on FDA-approved labeled dosage",32
9023-4381765.pdf,ENBREL,NA,"The patient must have tried at least one of the following agents for at least 3 months for plaque psoriasis: an oral therapy for psoriasis (e.g., MTX, cyclosporine, Soriatane), oral methoxsalen plus ultraviolet A light (PUVA), or a biologic agent (e.g., Humira, Remicade, or Stelara).",1,1,No,NA,NA,dermatologist,3,12,Yes,"The policy states that extended approval applies if the patient has had a response, as determined by the prescriber. The patient may not have a full response, but there should have been a recent or past response to Enbrel.",22
9026-4997564.pdf,REMICADE,NA,"Patient must try and have an inadequate response, contraindication, or intolerance to a 3-month trial of AVSOLA AND INFLECTRA.; Patient did not respond adequately (or is not a candidate) to a 4-week minimum trial of topical agents (i.e., anthralin, coal tar preparations, corticosteroids, emollients, immunosuppressives, keratolytics, tapinarof, roflumilast, retinoic acid derivatives, and/or vitamin D analogues).; Patient did not respond adequately (or is not a candidate) to a 3-month minimum trial of at least one non-biologic systemic agent (i.e., immunosuppressives, retinoic acid derivatives, and/or methotrexate).; Patient did not respond adequately (or is not a candidate) to a 3-month minimum trial of phototherapy (i.e., psoralens with UVA light [PUVA] or UVB with coal tar or dithranol).",1,3,No,Yes,NA,NA,6,Unspecified,Yes,Patient continues to meet the universal and other indication-specific relevant criteria identified in section III; Duration of authorization has not been exceeded; Absence of unacceptable toxicity from the drug,20
